{
  "0": {
    "precision": 0.7333333333333333,
    "recall": 0.7685589519650655,
    "f1-score": 0.7505330490405118,
    "support": 229.0
  },
  "1": {
    "precision": 0.7314814814814815,
    "recall": 0.7053571428571429,
    "f1-score": 0.7181818181818181,
    "support": 224.0
  },
  "2": {
    "precision": 0.8235294117647058,
    "recall": 0.8125,
    "f1-score": 0.8179775280898877,
    "support": 224.0
  },
  "accuracy": 0.7621861152141802,
  "macro avg": {
    "precision": 0.7627814088598402,
    "recall": 0.7621386982740694,
    "f1-score": 0.7622307984374058,
    "support": 677.0
  },
  "weighted avg": {
    "precision": 0.7625639193803239,
    "recall": 0.7621861152141802,
    "f1-score": 0.7621444044241349,
    "support": 677.0
  }
}